"gamma","max_depth","min_child_weight","subsample","colsample_bytree","lambda","alpha","trainRMSPE","valRMSPE","testRMSPE","Time"
0,3,1,0.4,1,0,0,0.125037982548247,0.109637396169167,0.121424007646657,9.50463498433431
0,3,1,0.4,1,0,1,0.133758074418687,0.111862912997514,0.118982965394918,16.3157680273056
0,3,1,0.4,1,0,2,0.141116221081892,0.116432370165092,0.120041648250589,22.5135277668635
0,3,1,0.4,1,0,3,0.149155086096684,0.123039048685646,0.122921709524278,23.5440610488256
0,3,1,0.4,1,0,4,0.157255307724931,0.13052981495013,0.12765658864691,22.4540011048317
0,3,1,0.4,1,0,5,0.164386941589875,0.136968895456238,0.133090836837731,21.467177816232
0,3,1,0.4,1,0,6,0.171155357230059,0.142398215657539,0.138790808620025,20.7506548682849
