"","METHOD","TEST_RMSPE","Time"
"1","nodeHarvest",NA,173.307329177856
"2","enpls.fs",0.217429773489789,280.949091911316
"3","neuralnet",0.338275880819149,335.158512115479
"4","krlsRadial",0.233087962970626,519.899560928345
"5","Boruta",0.208792799983999,364.224999904633
"6","RRF",0.207969125437766,88.4630000591278
"7","evtree",0.169804638855626,302.9359998703
"8","logicBag",NA,786.858839988708
